colname,idx
ch16,0
ch29,1
ch32,2
ch35,3
ch38,4
ch41,5
ch44,6
ch47,7
ch49,8
ch50,9
ch51,10
ch53,11
ch55,12
ch56,13
ch57,14
ch59,15
ch61,16
ch62,17
ch63,18
ch66,19
ch68,20
ch70,21
ch72,22
ch74,23
ch76,24
ch78,25
ch79,26
ch81,27
ch82,28
ch83,29
ch84,30
ch85,31
ch86,32
ch87,33
ch89,34
ch92,35
ch93,36
ch95,37
ch97,38
ch99,39
ch101,40
ch103,41
ch104,42
ch106,43
ch109,44
ch110,45
ch111,46
ch113,47
ch116,48
ch119,49
ch122,50
ch125,51
ch128,52
ch131,53
ch133,54
ch135,55
ch138,56
ch141,57
ch144,58
ch146,59
ch148,60
ch150,61
ch151,62
ch154,63
ch157,64
ch159,65
ch160,66
ch161,67
ch163,68
ch167,69
ch170,70
ch173,71
ch176,72
ch179,73
ch180,74
ch185,75
ch187,76
ch191,77
ch193,78
ch197,79
ch199,80
ch200,81
ch202,82
ch203,83
ch205,84
ch207,85
ch210,86
ch212,87
ch213,88
ch214,89
ch217,90
ch218,91
ch219,92
ch222,93
ch224,94
ch225,95
ch226,96
ch228,97
ch230,98
ch231,99
ch232,100
ch236,101
ch237,102
ch239,103
ch243,104
ch246,105
ch249,106
ch252,107
ch254,108
ch259,109
ch260,110
ch262,111
ch265,112
ch267,113
ch269,114
ch275,115
ch279,116
ch282,117
ch285,118
ch294,119
ch296,120
ch299,121
ch300,122
ch303,123
ch306,124
ch309,125
ch313,126
ch320,127
ch323,128
ch326,129
ch327,130
ch329,131
ch332,132
ch335,133
ch345,134
ch347,135
ch350,136
ch354,137
ch356,138
ch360,139
ch363,140
ch366,141
ch371,142
ch372,143
ch373,144
ch375,145
ch377,146
ch379,147
ch381,148
ch383,149
ch386,150
ch389,151
ch398,152
ch401,153
ch404,154
ch405,155
ch407,156
ch408,157
ch410,158
ch411,159
ch414,160
ch416,161
ch418,162
ch423,163
ch426,164
ch428,165
ch432,166
ch433,167
ch434,168
ch439,169
ch442,170
ch445,171
ch450,172
ch457,173
ch459,174
ch472,175
ch477,176
ch483,177
ch509,178
ch515,179
ch546,180
ch552,181
ch559,182
ch566,183
ch571,184
ch573,185
ch578,186
ch584,187
ch594,188
ch625,189
ch646,190
ch662,191
ch668,192
ch705,193
ch739,194
ch756,195
ch797,196
ch867,197
ch906,198
ch921,199
ch1027,200
ch1046,201
ch1090,202
ch1098,203
ch1121,204
ch1133,205
ch1173,206
ch1191,207
ch1194,208
ch1222,209
ch1271,210
ch1283,211
ch1338,212
ch1409,213
ch1414,214
ch1420,215
ch1424,216
ch1427,217
ch1430,218
ch1434,219
ch1440,220
ch1442,221
ch1445,222
ch1450,223
ch1454,224
ch1460,225
ch1463,226
ch1469,227
ch1474,228
ch1479,229
ch1483,230
ch1487,231
ch1494,232
ch1496,233
ch1502,234
ch1505,235
ch1509,236
ch1510,237
ch1513,238
ch1518,239
ch1521,240
ch1526,241
ch1529,242
ch1532,243
ch1536,244
ch1537,245
ch1541,246
ch1545,247
ch1548,248
ch1553,249
ch1560,250
ch1568,251
ch1574,252
ch1579,253
ch1583,254
ch1585,255
ch1587,256
ch1606,257
ch1626,258
ch1639,259
ch1643,260
ch1652,261
ch1658,262
ch1659,263
ch1666,264
ch1671,265
ch1675,266
ch1681,267
ch1694,268
ch1697,269
ch1710,270
ch1786,271
ch1791,272
ch1805,273
ch1839,274
ch1884,275
ch1913,276
ch1946,277
ch1947,278
ch1991,279
ch2019,280
ch2094,281
ch2119,282
ch2213,283
ch2239,284
ch2271,285
ch2289,286
ch2321,287
ch2333,288
ch2346,289
ch2349,290
ch2352,291
ch2359,292
ch2367,293
ch2374,294
ch2398,295
ch2426,296
ch2562,297
ch2701,298
ch2741,299
ch2745,300
ch2760,301
ch2819,302
ch2889,303
ch2907,304
ch2910,305
ch2919,306
ch2921,307
ch2939,308
ch2944,309
ch2945,310
ch2948,311
ch2951,312
ch2958,313
ch2971,314
ch2977,315
ch2985,316
ch2988,317
ch2990,318
ch2991,319
ch2993,320
ch3002,321
ch3008,322
ch3014,323
ch3027,324
ch3029,325
ch3030,326
ch3036,327
ch3047,328
ch3049,329
ch3052,330
ch3053,331
ch3055,332
ch3058,333
ch3064,334
ch3069,335
ch3087,336
ch3093,337
ch3098,338
ch3105,339
ch3107,340
ch3110,341
ch3116,342
ch3127,343
ch3129,344
ch3136,345
ch3146,346
ch3151,347
ch3160,348
ch3165,349
ch3168,350
ch3175,351
ch3178,352
ch3189,353
ch3207,354
ch3228,355
ch3244,356
ch3248,357
ch3252,358
ch3256,359
ch3263,360
ch3281,361
ch3295,362
ch3303,363
ch3309,364
ch3312,365
ch3322,366
ch3326,367
ch3354,368
ch3366,369
ch3375,370
ch3378,371
ch3411,372
ch3416,373
ch3432,374
ch3438,375
ch3440,376
ch3442,377
ch3444,378
ch3446,379
ch3448,380
ch3450,381
ch3452,382
ch3454,383
ch3458,384
ch3467,385
ch3476,386
ch3484,387
ch3491,388
ch3497,389
ch3499,390
ch3504,391
ch3506,392
ch3509,393
ch3518,394
ch3527,395
ch3555,396
ch3575,397
ch3577,398
ch3580,399
ch3582,400
ch3586,401
ch3589,402
ch3599,403
ch3610,404
ch3626,405
ch3638,406
ch3646,407
ch3653,408
ch3658,409
ch3661,410
ch3673,411
ch3689,412
ch3700,413
ch3710,414
ch3726,415
ch3763,416
ch3814,417
ch3841,418
ch3888,419
ch4032,420
ch4059,421
ch4068,422
ch4082,423
ch4095,424
ch4160,425
ch4234,426
ch4257,427
ch4411,428
ch4498,429
ch4520,430
ch4552,431
ch4567,432
ch4608,433
ch4646,434
ch4698,435
ch4808,436
ch4849,437
ch4920,438
ch4939,439
ch4947,440
ch4967,441
ch4991,442
ch4996,443
ch5015,444
ch5028,445
ch5056,446
ch5128,447
ch5130,448
ch5144,449
ch5170,450
ch5178,451
ch5183,452
ch5188,453
ch5191,454
ch5368,455
ch5371,456
ch5379,457
ch5381,458
ch5383,459
ch5397,460
ch5399,461
ch5401,462
ch5403,463
ch5405,464
ch5446,465
ch5455,466
ch5472,467
ch5480,468
ch5483,469
ch5485,470
ch5492,471
ch5497,472
ch5502,473
ch5507,474
ch5509,475
ch5517,476
ch5528,477
ch5558,478
ch5697,479
ch5714,480
ch5749,481
ch5766,482
ch5785,483
ch5798,484
ch5799,485
ch5801,486
ch5817,487
ch5833,488
ch5834,489
ch5836,490
ch5849,491
ch5851,492
ch5852,493
ch5865,494
ch5869,495
ch5881,496
ch5884,497
ch5897,498
ch5900,499
ch5916,500
ch5932,501
ch5948,502
ch5963,503
ch5968,504
ch5978,505
ch5988,506
ch5992,507
ch5994,508
ch5997,509
ch6003,510
ch6008,511
ch6023,512
ch6026,513
ch6039,514
ch6053,515
ch6056,516
ch6067,517
ch6071,518
ch6082,519
ch6085,520
ch6098,521
ch6112,522
ch6126,523
ch6135,524
ch6140,525
ch6149,526
ch6154,527
ch6158,528
ch6161,529
ch6168,530
ch6174,531
ch6182,532
ch6187,533
ch6205,534
ch6209,535
ch6213,536
ch6317,537
ch6339,538
ch6342,539
ch6366,540
ch6381,541
ch6391,542
ch6489,543
ch6962,544
ch6966,545
ch6970,546
ch6975,547
ch6977,548
ch6982,549
ch6985,550
ch6987,551
ch6989,552
ch6991,553
ch6993,554
ch6995,555
ch6997,556
ch6999,557
ch7000,558
ch7004,559
ch7008,560
ch7013,561
ch7016,562
ch7021,563
ch7024,564
ch7027,565
ch7029,566
ch7032,567
ch7038,568
ch7043,569
ch7046,570
ch7049,571
ch7069,572
ch7072,573
ch7076,574
ch7081,575
ch7084,576
ch7089,577
ch7099,578
ch7209,579
ch7222,580
ch7231,581
ch7235,582
ch7247,583
ch7267,584
ch7269,585
ch7284,586
ch7389,587
ch7419,588
ch7423,589
ch7424,590
ch7426,591
ch7428,592
ch7431,593
ch7436,594
ch7444,595
ch7475,596
ch7549,597
ch7584,598
ch7665,599
ch7666,600
ch7831,601
ch7836,602
ch7853,603
ch7865,604
ch7885,605
ch7888,606
ch7912,607
ch7950,608
ch7972,609
ch7980,610
ch7995,611
ch8007,612
ch8015,613
ch8055,614
ch8078,615
